,//,gpa-分数,,,,,
gpa-score,range,1.3,%gpa,3.9,4.1,1,//,3.9-4.0
gpa-score,range,1,%gpa,3.75,3.9,2,//,3.75-3.89
gpa-score,range,0.9,%gpa,3.6,3.75,3,//,3.6-3.74
gpa-score,range,0.85,%gpa,3.5,3.6,4,//,3.5-3.59
gpa-score,range,0.75,%gpa,3.35,3.5,5,//,3.35-3.49
gpa-score,range,0.65,%gpa,3.2,3.35,6,//,3.2-3.34
gpa-score,range,0.6,%gpa,3,3.2,7,//,3.0-3.19
gpa-score,range,0.55,%gpa,2.9,3,8,//,2.9-2.99
gpa-score,range,0.5,%gpa,2.8,2.9,9,//,2.8-2.89
gpa-score,range,0.4,%gpa,2.6,2.8,10,//,2.6-2.79
gpa-score,range,0.25,%gpa,2.4,2.6,11,//,2.4-2.59
gpa-score,range,0.1,%gpa,2,2.4,12,//,2.0-2.39
gpa-score,range,0,%gpa,0,2,13,//,0-1.99
,//,gpa走势,,,,,
gpa-trend,range,1.2,%gpa-trend-enum,0,1,1,//,大三减前两年≥0.2
gpa-trend,range,1.1,%gpa-trend-enum,1,2,2,//,0.2＞大三减前两年≥0.1
gpa-trend,range,1,%gpa-trend-enum,2,3,3,//,0.1＞大三减前两年＞-0.1
gpa-trend,range,0.9,%gpa-trend-enum,3,4,4,//,0.2＞前两年建大三≥0.1
gpa-trend,range,0.8,%gpa-trend-enum,4,5,5,//,前两年减大三≥0.2
,//,本科学校,,,,,
gpa-school,range,1.3,%current-school,0,1,1,//,海本综排top20
gpa-school,range,1.25,%current-school,1,2,2,//,海本综排top21-top35
gpa-school,range,1.2,%current-school,2,3,3,//,海本综排top36-50
gpa-school,range,1.15,%current-school,3,4,4,//,海本综排top51-top80
gpa-school,range,1,%current-school,4,5,5,//,海本综排top81-120
gpa-school,range,1.2,%current-school,5,6,6,//,清北
gpa-school,range,1.15,%current-school,6,7,7,//,综合前十
gpa-school,range,1.15,%current-school,7,8,8,//,专业优势学校
gpa-school,range,1.15,%current-school,8,9,9,//,985&211
gpa-school,range,1,%current-school,9,10,10,//,211
gpa-school,range,0.9,%current-school,10,11,11,//,双非一本
gpa-school,range,0.8,%current-school,11,12,12,//,双非二本
,//,GPA-汇总,,,,,
gpa-factor,multi,%gpa-score,%gpa-school,%gpa-trend,,,
gpa,multi,30,%gpa-factor,,,,
,//,TOEFL总分,,,,,
toefl-base,range,1.5,%toefl*total,115,121,1,//,115-120
toefl-base,range,1.3,%toefl*total,110,115,2,//,110-114
toefl-base,range,1.1,%toefl*total,105,110,3,//,105-109
toefl-base,range,1,%toefl*total,100,105,4,//,100-104
toefl-base,range,0.85,%toefl*total,97,100,5,//,97-99
toefl-base,range,0.85,%toefl*total,94,97,6,//,94-96
toefl-base,range,0.8,%toefl*total,90,94,7,//,90-93
toefl-base,range,0.7,%toefl*total,86,90,8,//,86-89
toefl-base,range,0.6,%toefl*total,80,86,9,//,80-85
toefl-base,range,0.5,%toefl*total,75,80,10,//,75-79
toefl-base,range,0.45,%toefl*total,70,75,11,//,70-74
toefl-base,range,0.3,%toefl*total,65,70,12,//,65-69
toefl-base,range,0.1,%toefl*total,0,65,13,//,0-64
,//,TOEFL口语,,,,,
toefl-speaking,range,1.2,%toefl*speaking,26,31,1,//,26-30
toefl-speaking,range,1,%toefl*speaking,23,26,2,//,23-25
toefl-speaking,range,0.8,%toefl*speaking,20,23,3,//,20-22
toefl-speaking,range,0.5,%toefl*speaking,17,20,4,//,17-19
toefl-speaking,range,0.5,%toefl*speaking,14,17,5,//,14-16
toefl-speaking,range,0.5,%toefl*speaking,0,14,6,//,0-13
toefl-speaking,range,1,%toefl*total,0,80,7,//,总分低于80时系数置为1
,//,TOEFL-汇总,,,,,
toefl,multi,%toefl-base,%toefl-speaking,,,,
,//,雅思总分,,,,,
ielts-base,range,1.5,%ielts*total,8.5,10,1,//,8.5-9
ielts-base,range,1.3,%ielts*total,8,8.5,2,//,8
ielts-base,range,1.1,%ielts*total,7.5,6,3,//,7.5
ielts-base,range,1,%ielts*total,7,7.5,4,//,7
ielts-base,range,0.85,%ielts*total,6.5,7,5,//,6.5
ielts-base,range,0.6,%ielts*total,6,6.5,6,//,6
ielts-base,range,0.3,%ielts*total,0,6,7,//,0-5.5
,//,IELTS-汇总,,,,,
ielts,multi,%ielts-base,1,,,,
,//,语言成绩-汇总,,,,,
language-factor,max,%toefl,%ielts,//,在TOEFL和IELTS间取较大值,,
language,multi,%language-factor,40,,,,
,//,GRE总分,,,,,
gre-base,range,1.3,%gre*total,330,341,1,//
gre-base,range,1.2,%gre*total,325,330,2,//
gre-base,range,1.1,%gre*total,320,325,3,//
gre-base,range,0.95,%gre*total,316,320,4,//
gre-base,range,0.8,%gre*total,310,316,5,//
gre-base,range,0.65,%gre*total,305,310,6,//
gre-base,range,0.5,%gre*total,300,305,7,//
gre-base,range,0.25,%gre*total,0,300,8,//
,//,GRE,,,,,
gre-factor,multi,%gre-base,,,,,
gre,multi,20,%gre-factor,,,,
,//,工作经历-时长,,,,,
work-duration,range,1.3,%work*duration,0,1,1,//,3年以上
work-duration,range,1.2,%work*duration,1,2,2,//,2-3年
work-duration,range,1,%work*duration,2,3,3,//,1-2年
work-duration,range,0.9,%work*duration,3,4,4,//,0.5-1年
work-duration,range,0.7,%work*duration,4,5,5,//,1-3个月
work-duration,range,0,%work*duration,5,6,6,//,无
,//,工作经历-单位级别,,,,,
work-level,range,1.3,%work*level,0,1,1,//,国际知名企业，本领域，申请专业相关岗
work-level,range,1.2,%work*level,1,2,2,//,国内知名企业，本领域，申请专业相关岗
work-level,range,1,%work*level,2,3,3,//,一般企业，申请专业相关岗
work-level,range,0.8,%work*level,3,4,4,//,知名企业，申请专业不相关岗
work-level,range,0.7,%work*level,4,5,5,//,一般企业，申请专业不相关岗
,//,工作经历-是否通过此经历提交推荐信,,,,,
work-recommendation,range,1.1,%work*recommendation,0,1,1,//,是，部门主管级别的推荐信
work-recommendation,range,0.9,%work*recommendation,1,2,2,//,是，直接领导级别的推荐信
work-recommendation,range,0.8,%work*recommendation,2,3,3,//,否
,//,工作-系数,,,,,,,
work-base,multi,%work-duration,%work-level,%work-recommendation,,,,,
work-factor,range,1.5,%work-base,1.5,100,1,//,大于1.5,,
work-factor,range,1.4,%work-base,1.3,1.5,2,//,大于1.3,,
work-factor,range,1.3,%work-base,1.1,1.3,3,//,大于1.1,,
work-factor,range,1.2,%work-base,1.0,1.1,4,//,大于1.0,,
work-factor,range,1.1,%work-base,0.9,1.0,5,//,大于0.9,,
work-factor,range,1,%work-base,0.8,0.9,6,//,大于8,,
work-factor,range,0.9,%work-base,0.7,0.6,6,//,大于0.7,,
work-factor,range,0.8,%work-base,0.5,0.6,7,//,大于0.5,,
work-factor,range,0.6,%work-base,0,0.5,9,//,小于0.5,,
,//,工作经历-汇总,,,,,,,
work,multi,25,%work-factor,,,,//
,//,实习-时长,,,,,
internship-duration,range,4.3,%internship*duration,0,1,1,//,601+
internship-duration,range,4,%internship*duration,1,2,2,//,400-600
internship-duration,range,3.3,%internship*duration,2,3,3,//,300-399
internship-duration,range,3,%internship*duration,3,4,4,//,200-299
internship-duration,range,2.5,%internship*duration,4,5,5,//,160-199
internship-duration,range,2,%internship*duration,5,6,6,//,100-159
internship-duration,range,1,%internship*duration,6,7,7,//,0-99
internship-duration,range,0,%internship*duration,7,8,8,//,无
,//,实习-单位级别,,,,,
internship-level,range,1.2,%internship*level,0,1,1,//,国际知名企业，本领域，申请专业相关岗
internship-level,range,1.1,%internship*level,1,2,2,//,国内知名企业，本领域，申请专业相关岗
internship-level,range,1,%internship*level,2,3,3,//,一般企业，申请专业相关岗
internship-level,range,0.9,%internship*level,3,4,4,//,知名企业，申请专业不相关岗
internship-level,range,0.7,%internship*level,4,5,5,//,一般企业，申请专业不相关岗
,//,实习-是否通过此经历提交推荐信,,,,,
internship-recommendation,range,1,%internship*recommendation,0,1,1,//,是，部门主管级别的推荐信
internship-recommendation,range,0.9,%internship*recommendation,1,2,2,//,是，直接领导级别的推荐信
internship-recommendation,range,0.8,%internship*recommendation,2,3,3,//,否
,//,实习-系数,,,,,
internship-base,multi,%internship-duration,%internship-level,%internship-recommendation,,,
internship-factor,range,1.3,%internship-base,4,100,1,//,大于4
internship-factor,range,1,%internship-base,3.5,4,2,//,3.5-3.99
internship-factor,range,0.9,%internship-base,3.3,3.5,3,//,3.3-3.49
internship-factor,range,0.85,%internship-base,2.7,3.3,4,//,2.7-3.29
internship-factor,range,0.75,%internship-base,2.5,2.7,5,//,2.5-2.69
internship-factor,range,0.6,%internship-base,2,2.5,6,//,2.0-2.49
internship-factor,range,0.5,%internship-base,1,2,7,//,1.0-2.0
internship-factor,range,0,%internship-base,0,1,8,//,0-1.0
,//,实习-汇总,,,,,
internship,multi,20,%internship-factor,,,,
,//,科研&工作经历&实习,,,,,
work,max,%work,%internship,//,实习经历和工作经历取最高值,,,,
,//work,multi,%work,2,,,,,,
,//work,max，%work,50,//,最高不超过50,,,,
,//double-work,multi,%work,2,,,,,,
,//double-research,multi,%research,2,,,,,,
,//work-research,sum,%work,%research,,,,,,
,//work-research,max,%double-research,%double-work,%work-research//,科研和工作/实习的总得分，选单项*2和两项总和之间的最大值,,,,
,//work-research,min,%work-research,50,//,最高不超过50,,,,
,//,奖学金-级别,,,,,
scholarship-level,range,1.1,%scholarship*level,0,1,1,//,国家级一等奖（top5%）
scholarship-level,range,1,%scholarship*level,1,2,2,//,国家级二等奖（top10%）
scholarship-level,range,0.9,%scholarship*level,2,3,3,//,省级一等奖（top5%）
scholarship-level,range,0.85,%scholarship*level,3,4,4,//,省级二等奖（top10%）
scholarship-level,range,0.75,%scholarship*level,4,5,5,//,校级一等奖（top2%）
scholarship-level,range,0.65,%scholarship*level,5,6,6,//,校级二等奖（top10%）
scholarship-level,range,0,%scholarship*level,6,7,7,//,无
,//,奖学金-汇总,,,,,
scholarship,multi,5,%scholarship-level,,,,
,//,总结果,,,,,
result,sum,%language,%gpa,%gre,%work,%research,%scholarship
level,range,1,%result,122,1000,1,//,122+
level,range,2,%result,95,122,2,//,95-122
level,range,3,%result,62.8,95,3,//,62.8-95
level,range,4,%result,0,62.8,4,//
